Title,URL,Date,Content
Lần đầu tiên phát hiện chủng cúm gia cầm A/H5N8 tại Việt Nam,http://kenh14.vn/lan-dau-tien-phat-hien-chung-cum-gia-cam-a-h5n8-tai-viet-nam-20210702201011289.chn,2021-07-02,"

Trước đó, từ ngày 29/6, trại gà của anh Nguyễn Huy Long, thôn Bãi Cát, xã Vũ Oai, thành phố Hạ Long (Quảng Ninh) đã có tình trạng gà chết bất thường và chết tăng dần, với tổng số thiệt hại lên đến hơn 200 con.Trung tâm Dịch vụ kỹ thuật nông nghiệp thành phố Hạ Long đã lấy 3 mẫu xét nghiệm cho kết quả dương tính với virus cúm gia cầm A/H5N8. Đây là chủng cúm lần đầu tiên ghi nhận tại Việt Nam. Trên thế giới đã từng ghi nhận các ổ chủng cúm A/H5N8 tại châu Âu, Trung Quốc, Trung Đông và Bắc Phi. Ít nhất 7 người tại Nga được xác định dương tính với chủng virus cúm A/H5N8 do lây nhiễm từ gia cầm nhiễm bệnh. Ảnh minh họaÔng Trần Xuân Đông, Chi cục Trưởng Chi cục Chăn nuôi và Thú y tỉnh Quảng Ninh cho biết: “Chúng tôi đã phối hợp với CDC Quảng Ninh lấy mẫu giám sát của chủ hộ và những người tiếp xúc với gia cầm trong 1-2 ngày trước đó. Vì đây là chủng mới, có nguy cơ lây lan và phát tán mầm bệnh trên người nên cần đánh giá nguy cơ, phát tán, lây lan của dịch bệnh.Hiện nay, tất cả gia cầm mắc bệnh và có nguy cơ trong ổ dịch đã được chúng tôi tiêu hủy, thực hiện phun tiêu độc khử trùng. Những gia đình gần đó có gia cầm không có hiện tượng ốm chết thì chúng tôi yêu cầu nuôi nhốt, cách ly theo an toàn sinh học và xử lý các phế phẩm khác theo quy định”.
"
"Thêm ca nhiễm cúm gia cầm H5N8 độc lực cao, Hàn Quốc đứng trước nguy cơ tái bùng phát dịch",http://kenh14.vn/them-ca-nhiem-cum-gia-cam-h5n8-doc-luc-cao-han-quoc-dung-truoc-nguy-co-tai-bung-phat-dich-20210324090550477.chn,2021-03-24,"

Việc phát hiện thêm ca nhiễm cúm H5N8 độc lực cao nói trên diễn ra trong bối cảnh Hàn Quốc đang trong cuộc chiến chống lại dịch cúm gia cầm kéo dài trong thời gian qua.Theo Bộ Nông nghiệp, Lương thực và Nông thôn Hàn Quốc, trường hợp nhiễm cúm gia cầm mới nhất này, được xác nhận là chủng cúm H5N8, được phát hiện tại một trang trại vịt ở huyện Jangheung, tỉnh Nam Jeolla. Đây được coi là trường hợp nhiễm bệnh đầu tiên được ghi nhận kể từ ngày 13/3, khi một trang trại trứng ở tỉnh Chungcheong Bắc xác nhận có ca nhiễm cúm gia cầm.Tiêu hủy gia cầm tại một trang trại trứng ở Naju, cách thủ đô Seoul 355 km về phía Nam, vào ngày 11/3 (Ảnh: Yonhap)Kể từ tháng 11/2020, Hàn Quốc đã báo cáo 107 trường hợp mắc bệnh cúm gia cầm có nguồn gốc từ các trang trại chăn nuôi gia cầm. Ngoài ra, 229 trường hợp nhiễm cúm gia cầm khác đã được phát hiện có nguồn gốc từ các loài chim hoang dã, chim di cư.Giá bán trứng trung bình ở Hàn Quốc đã tăng 44% trong tuần qua so với cùng kỳ một năm trước đó. Các nhà chức trách Hàn Quốc đã tiêu hủy hơn 29 triệu con gia cầm theo quy định nhằm ngăn chặn dịch bệnh.
"
Virus cúm gia cầm mới có khả năng lây truyền từ người sang người,http://kenh14.vn/virus-cum-gia-cam-moi-co-kha-nang-lay-truyen-tu-nguoi-sang-nguoi-20210313102309797.chn,2021-03-13,"

Trả lời phỏng vấn hãng thông tấn Tass, người đứng đầu Cơ quan giám sát, bảo vệ quyền lợi và sức khoẻ người tiêu dùng Liên bang Nga (Rospotrebnadzor) Anna Popova thông báo rằng virus cúm gia cầm A (H5N8) được phát hiện ở một số người Nga vào tháng 2 vừa qua, có khả năng đột biến nhanh chóng và có thể lây truyền từ người sang người. Người đứng đầu Cơ quan giám sát, bảo vệ quyền lợi và sức khoẻ người tiêu dùng Nga (Rospotrebnadzor) Anna Popova (Ảnh: Tass)Theo bà Anna Popova các dự báo cho thấy mức độ xác suất cho kịch bản này khá cao, đồng thời nhấn mạnh rằng hiện nay Nga có thời gian để phát triển các thử nghiệm và tạo ra một loại vaccine để ứng phó cho một kịch bản như vậy.""Thật may mắn nếu như không cần đến vaccine. Nhưng nếu cần, chúng ta sẽ sẵn sàng cho việc này. Chúng ta đã có thể dự báo và cảnh báo cho cộng đồng thế giới rằng về một mối đe dọa như vậy"".Trước đó, vào tháng 2/2021, các nhà khoa học tại Trung tâm Vector đã xác nhận những trường hợp đầu tiên trên thế giới nhiễm virus cúm gia cầm A (H5N8). Virus được phát hiện ở 7 nhân viên của một trang trại gia cầm ở miền Nam nước Nga.
"
WHO khuyến cáo Việt Nam cần đề cao cảnh giác nhiễm cúm A (H5N8) từ gia cầm sang người,http://kenh14.vn/who-khuyen-cao-viet-nam-can-de-cao-canh-giac-nhiem-cum-a-h5n8-tu-gia-cam-sang-nguoi-20210303155814695.chn,2021-03-03,"

Sau khi phát hiện 7 công nhân ở trang trại chăn nuôi gà tại Nga bị nhiễm virus cúm A (H5N8), Tổ chức Lương thực và Nông nghiệp của Liên Hợp Quốc (FAO) và Tổ chức Y tế thế giới (WHO) kêu gọi Chính phủ Việt Nam và cộng đồng cần cảnh giác với khả năng lây nhiễm cúm A (H5N8) sang người.Đây là báo cáo đầu tiên về sự lây nhiễm H5N8 từ gia cầm sang người mặc dù virus này đã lưu hành trên gia cầm và chim hoang dã từ năm 2016. Tất cả 7 ca mắc ở người đều không có triệu chứng. Cho đến nay, chưa có bằng chứng nào về việc virus này gây bệnh nặng ở người hay lây truyền từ người sang người, do vậy những trường hợp bệnh này là do gia cầm bị nhiễm bệnh lây truyền sang người.Tại Việt Nam, Chương trình giám sát của Cục Thú y chưa từng phát hiện thấy virus H5N8. Bắt đầu từ năm 2021, Cục Thú y sẽ tăng cường xét nghiệm virus H5N8 trong Chương trình giám sát cúm gia cầm quốc gia. ""Về mặt kỹ thuật, virus H5N8 có chung đặc điểm kháng nguyên với virus H5N6 đang lưu hành tại Việt Nam, do vậy vắc xin cúm gia cầm hiện tại được sử dụng tại Việt Nam vẫn tiếp tục phát huy hiệu quả"", TS. Pawin Padungtod, Điều phối viên Kỹ thuật Cấp cao, FAO Việt Nam, cho biết.Dù virus này đã lưu hành trên gia cầm và chim hoang dã từ năm 2016 nhưng đây là báo cáo đầu tiên về sự lây nhiễm H5N8 từ gia cầm sang người.TS. Satoko Otsu, Điều phối viên nhóm Các Bệnh Truyền nhiễm và Tình trạng Y tế Khẩn cấp của WHO cho biết: ""Mặc dù nguy cơ lây nhiễm sang người đối với virus cúm gia cầm A (H5N8) ở Việt Nam là rất thấp, nhưng chúng ta vẫn phải cảnh giác và tiếp tục thực hiện các biện pháp bảo vệ cá nhân để phòng chống bệnh cúm gia cầm"".Lây nhiễm cúm gia cầm ở người do tiếp xúc trực tiếp với gia cầm sống hoặc chết bị nhiễm bệnh. ""Chúng ta nên tiếp tục giám sát phối hợp cả ở lĩnh vực y tế và thú y. Cộng đồng có thể tham gia phòng, chống dịch bằng cách báo cáo các trường hợp gia cầm bị bệnh hoặc chết càng sớm càng tốt và đảm bảo thực hành các biện pháp phòng bệnh cá nhân"", TS. Otsu nói thêm.Các vụ dịch cúm gia cầm độc lực cao A (H5N8) đã được báo cáo ở Nga, châu Âu, Trung Quốc, Trung Đông và Bắc Phi trong những tháng gần đây, nhưng chỉ ở gia cầm và chim hoang dã. Các virus cúm gia cầm độc lực cao khác, chẳng hạn như H5N1, H5N6 và H7N9, đã được lây truyền từ động vật sang người.Cúm gia cầm độc lực cao H5N1 đã gây tử vong cho 64 người Việt Nam kể từ khi virus này được phát hiện tại Việt Nam vào năm 2003, và từ năm 2014 tới nay, Việt Nam không ghi nhận thêm trường hợp tử vong nào, nhưng các ổ dịch trên gia cầm vẫn thường xuyên được phát hiện và phải tiêu hủy nhiều đàn gà và vịt.Tại Việt Nam, Chương trình giám sát của Cục Thú y chưa từng phát hiện thấy virus H5N8FAO và WHO Việt Nam khuyến nghị các hành vi sau:- Đối với người chăn nuôi gia cầmTăng cường các biện pháp an toàn sinh học tại khu vực chăn nuôi để giảm thiểu nguy cơ virus xâm nhập;Tuân thủ đúng lịch tiêm phòng và đảm bảo dinh dưỡng tốt cho sức khỏe gia cầm;Báo cáo các trường hợp gia cầm chết bất thường cho trưởng thôn hoặc cơ quan thú y địa phương và không cho phép khách vào khu vực chăn nuôi.- Đối với những người buôn bán gia cầm và những người bán gia cầm tại chợChỉ thu gom gia cầm từ nguồn rõ ràng và bán ở những khu vực được phép trong chợ;Không bán gia cầm bên ngoài chợ;Luôn rửa tay bằng nước sạch và xà phòng sau khi tiếp xúc với gia cầm;Sử dụng giày dép riêng do các trang trại chăn nuôi gia cầm cung cấp khi bạn cần vào khu  vực chăn nuôi;Luôn rửa sạch giày dép của bạn khi bạn rời khỏi chợ có bán gia cầm.- Đối với bác sĩ thú y và những người tham gia vào công tác đáp ứng dịch:Cần luôn sử dụng phương tiên phòng hộ cá nhân khi tiếp xúc với gia cầm nhiễm hay nghi ngờ nhiễm bệnh để giảm thiểu nguy cơ bị lây bệnh.- Đối với cộng đồngThường xuyên rửa tay trước khi chế biến thực phẩm, trong quá trình nấu ăn và sau khi tiếp xúc với động vật.Nấu chín kỹ thức ăn, đặc biệt là thịt, gia cầm và trứng.Rửa sạch và làm vệ sinh tất cả các bề mặt và dụng cụ được sử dụng để chế biến thực phẩm.Không ăn ""tiết canh"" (một món ăn của Việt Nam chủ yếu được làm từ tiết của vịt).Tránh tiếp xúc với động vật ốm hoặc chết.Nếu đã tiếp xúc với gia cầm có khả năng bị nhiễm bệnh, hãy liên hệ với cơ sở y tế gần nhất khi bạn có các triệu chứng đường hô hấp.Báo cáo ngay khi thấy gia cầm ốm chết bất thường cho cơ quan thú y địa phương.
"
9.000 chiếc chân gà nhập lậu thời điểm dịch cúm gia cầm bùng phát,http://kenh14.vn/9000-chiec-chan-ga-nhap-lau-thoi-diem-dich-cum-gia-cam-bung-phat-2021012110405107.chn,2021-01-21,"

Trong bối cảnh dịch cúm gia cầm bùng phát thành ổ dịch tại 7 tỉnh (Hà Nội, Quảng Ninh, Hải Dương, Nam Định, Ninh Bình, Phú Yên và Long An), lực lượng Quản lý thị trường tỉnh Lạng Sơn đã có văn bản tham mưu cho Ban chỉ đạo 389 tỉnh chỉ đạo các lực lượng chức năng tăng cường tập trung triển khai quyết liệt, đồng bộ các giải pháp kiểm soát, phòng, chống bệnh cúm gia cầm lây lan diện rộng.Ngày 19/1, tổ Quản lý đường bộ huyện Lộc Bình thuộc đội Quản lý thị trường số 3 phối hợp với phòng PC03, Công an tỉnh Lạng Sơn truy bắt các đối tượng sử dụng xe gắn máy che biển số chở các bao tải dứa có nghi vấn chở hàng hóa vi phạm tại khu vực thôn Chi Ma, xã Yên Khoái, huyện Lộc Bình.Khi phát hiện có sự truy đuổi, các đối tượng vừa chạy xe, vừa liều lĩnh cắt bỏ dây buộc hàng hóa để bỏ chạy. Lực lượng chức năng đã tiến hành thu giữ 6 bao tải dứa chứa hàng hóa đưa về trụ sở đội Quản lý thị trường số 3 để tiến hành kiểm tra.Qua kiểm tra thực tế, phát hiện trong bao tải dứa chứa 9.000 chiếc chân gà thành phẩm đã qua tẩm ướp gia vị, hút chân không, có nhãn hàng hóa bằng tiếng Trung Quốc (300kg). Toàn bộ số hàng hóa trên không có hóa đơn, chứng từ chứng minh nguồn gốc xuất xứ. Đội Quản lý thị trường số 3 đã lập hồ sơ vụ việc tạm giữ và tiến hành phối hợp bàn giao cho cơ quan chức năng thực hiện tiêu hủy theo quy định của pháp luật.Lô hàng giày dép nhập lậu được bắt giữ cùng ngàyCùng ngày, nhận được tin báo về lô hàng hóa nhập lậu đang được tập kết tại khu vực đường Trần Phú, phường Bắc Cường, TP. Lào Cai, lực lượng chức năng tỉnh đã tiến hành kiểm tra nơi cất giấu tang vật tại kho có địa chỉ số 650 đường Trần Phú.Kết quả khám phát hiện 2.038 đôi giày dép do nước ngoài sản xuất. Chủ lô hàng là bà Lý Thị Tú Anh, sinh năm 1998, trú tại xã Khai Trung, huyện Lục Yên,tỉnh Yên Bái.Tại thời điểm kiểm tra, bà Tú Anh không xuất trình được các giấy tờ chứng minh nguồn gốc hợp pháp của lô hàng. Đội Quản lý thị trường số 5 đã ra quyết định tạm giữ toàn bộ số hàng hóa để tiếp tục xử lý theo quy định.
"
"Phát hiện cúm gia cầm độc lực cao, Hàn Quốc cấm ra vào các trại gia cầm trong 24 giờ",http://kenh14.vn/phat-hien-cum-gia-cam-doc-luc-cao-han-quoc-cam-ra-vao-cac-trai-gia-cam-trong-24-gio-202012271745285.chn,2020-12-27,"

Quyết định trên được đưa ra sau một loạt ca nhiễm cúm gia cầm độc lực cao . Theo đó, tất cả phương tiện và nhân viên trong các trại nuôi gia cầm này sẽ bị cấm đi lại trong khi cơ quan chức năng tiến hành khử trùng. Đây là lần thứ hai trong tháng này, lệnh cấm đi lại được ban hành đối với các trại gia cầm.Những người vi phạm lệnh này có thể phải đối mặt với một năm tù giam hoặc phạt tiền 10 triệu won (khoảng 9.000 USD).Tuần trước, Hàn Quốc đã xác nhận thêm 3 ca cúm gia cầm độc lực cao, nâng tổng số ca nhiễm trong năm nay lên 22 ca trong bối cảnh lo ngại về dịch bệnh lây lan trên toàn quốc ngày càng tăng.Theo các chuyên gia y tế, cúm gia cầm độc lực cao rất dễ lây lan, có thể khiến gia cầm mắc bệnh và chết. Cuối tháng 11 vừa qua, Hàn Quốc thông báo bùng phát cúm gia cầm độc lực cao tại nước này lần đầu tiên trong vòng 32 tháng. Trường hợp này được phát hiện tại một trang trại nuôi vịt ở thành phố Jeongeup, tỉnh Bắc Jeolla.Trước đó, vào tháng 10, cơ quan chức năng Hàn Quốc đã phát hiện chủng cúm này ở chim hoang dã tại thành phố Cheonan, cách thủ đô Seoul 92km về phía Nam.Cho đến nay Hàn Quốc đã phải tiêu hủy 6,3 triệu con gia cầm từ các trang trại bị nhiễm bệnh cũng như các khu vực lân cận. Luật pháp Hàn Quốc quy định phải tiêu hủy số gia cầm được nuôi trong bán kính 3km xung quanh trang trại nhiễm cúm gia cầm độc lực cao.
"
Trung Quốc đóng cửa chợ sau khi ghi nhận 1 trường hợp mắc cúm gia cầm,http://kenh14.vn/trung-quoc-dong-cua-cho-sau-khi-ghi-nhan-1-truong-hop-mac-cum-gia-cam-20201221190400214.chn,2020-12-21,"

Theo thông báo của Trung tâm dịch vụ thị trường huyện Ninh Viễn, tỉnh Hồ Nam, miền Trung Nam Bộ Trung Quốc, một khu chợ chuyên mua bán gia cầm sống tại địa phương này đã phải đóng cửa từ 8h sáng ngày 19/12 mà chưa có ngày mở cửa trở lại. Tất cả các cửa hàng bên trong và xung quanh chợ phải dừng mọi hoạt động giao dịch và giết mổ gia cầm sống, đồng thời phải thực hiện việc làm vệ sinh, khử trùng và kiểm tra hàng ngày. Ảnh minh họa: ReutersNguyên nhân của việc đóng cửa chợ được nhân viên của Trung tâm Kiểm soát bệnh tật huyện Ninh Viễn cho biết là do vài ngày trước địa phương này xuất hiện một bệnh nhân nữ nhiễm cúm gia cầm. Tuy nhiên, nhân viên này không cho biết trường hợp trên đã mắc bệnh như thế nào và có liên quan gì đến khu chợ bị đóng cửa.Hồ Nam là địa phương thường xuyên xảy ra cúm gia cầm ở Trung Quốc. Hồi tháng 2 đầu năm, dịch cúm gia cầm H5N1 cũng đã được phát hiện tại đây đúng vào thời điểm dịch Covid-19 đang bùng phát dữ dội tại Hồ Bắc, tỉnh nằm ngay sát Hồ Nam.Những ngày này, dịch cúm gia cầm cũng đang lây lan tại Nhật Bản, quốc gia láng giềng của Trung Quốc, trong bối cảnh nước này tiếp tục ghi nhận thêm nhiều ca Covid-19. Được biết, tính đến nay, cúm gia cầm đã xuất hiện tại 12 tỉnh của Nhật Bản.
"
Cúm gia cầm độc lực cao lây lan sang tỉnh thứ 10 của Nhật Bản,http://kenh14.vn/cum-gia-cam-doc-luc-cao-lay-lan-sang-tinh-thu-10-cua-nhat-ban-20201214210723083.chn,2020-12-14,"

Khoảng 11.000 con gia cầm bị tiêu hủy sau khi dịch cúm gia cầm được phát hiện tại một trang trại ở TP. Higashiomi, tỉnh Shiga, phía Tây Nam Nhật Bản, Bộ Nông nghiệp cho biết vào cuối tuần qua.Ngày 14-12, Bộ Nông nghiệp cho biết một đợt bùng phát khác lại diễn ra ở tỉnh Kagawa, nơi đã xảy ra dịch vào tháng 11 vừa qua.Theo Tổ chức Lương thực và Nông nghiệp Liên hợp quốc (FAO), đợt bùng phát ở Nhật Bản và nước láng giềng Hàn Quốc là một trong hai dịch cúm gia có cầm độc lực cao (HPAI) tấn công gia cầm trên toàn thế giới.Cả 2 dòng cúm lưu hành ở châu Á và châu Âu đều bắt nguồn từ các loài chim hoang dã, FAO cho biết.Bà Madhur Dhingra, một quan chức thú y cấp cao của FAO, nói với hãng thông tấn Reuters: ""Loại virus được tìm thấy ở Nhật Bản rất gần với các loại virus gần đây của Hàn Quốc và do đó liên quan đến virus ở châu Âu từ đầu năm 2020. Tuy nhiên, dòng virus này không phải loại hiện đang lưu hành ở châu Âu"".Chính quyền đang phun thuốc ở một trại chăn nuôi gia cầm ở Nhật Bản (Ảnh: Reuters)Bà nói: ""Điều này có nghĩa là chúng ta hiện có hai đợt dịch HPAI H5N8 riêng biệt ở Đông Á và châu Âu"".FAO đã đưa ra cảnh báo đối với các cơ quan y tế châu Phi về việc tăng cường giám sát các trang trại để tránh sự lây lan của chủng bệnh châu Âu gần đây.Tại Nhật Bản, có 10 trong số 47 tỉnh của đất nước này đã bị ảnh hưởng trong đợt bùng phát dịch bệnh. Khoảng 3 triệu con gia cầm bị tiêu hủy cho đến nay, đây là một con số kỷ lục.Trước đó, tất cả các trang trại ở Nhật Bản đã được lệnh khử trùng cơ sở vật chất và kiểm tra chế độ vệ sinh, đồng thời đảm bảo rằng lưới ngăn chim hoang đã được lắp đặt đúng cách, các quan chức Bộ Nông nghiệp nói với hãng thông tấn Reuters trong tuần này.Nhật Bản đã ngừng nhập khẩu gia cầm từ 7 quốc gia, bao gồm cả Đức.Theo Bộ Nông nghiệp Nhật Bản, Nhật Bản có đàn gà đẻ trứng khoảng 185 triệu con và đàn gà lấy thịt là 138 triệu con.
"
"Chống dịch cúm gia cầm, Hàn Quốc cấm di chuyển tại tất cả các trang trại chăn nuôi",http://kenh14.vn/chong-dich-cum-gia-cam-han-quoc-cam-di-chuyen-tai-tat-ca-cac-trang-trai-chan-nuoi-20201213090703746.chn,2020-12-13,"

Theo đó, tất cả các trang trại chăn nuôi và cơ sở sản xuất gia súc, gia cầm, kể cả xe cộ, nhân viên không được phép di chuyển. Nhà chức trách sẽ tiến hành phun tẩy trùng trong thời gian này. Chống cúm gia cầm ở Hàn Quốc (Ảnh minh họa: Fortune)Hàn Quốc đã ghi nhận một số ca mắc cúm gia cầm từ các trang trại địa phương trên toàn quốc, trong đó có các tỉnh Nam và Bắc Jeolla, Gyeonggi, Bắc Chungcheong và Bắc Gyeongsang. Ngày 11/12 vừa qua, Hàn Quốc xác nhận thêm 2 trường hợp mắc cúm gia cầm, nâng tổng số ca lên 10.Chủng cúm gia cầm ở Hàn Quốc là chủng độc lực cao, dễ lây nhiễm, có thể gây chết ở gia cầm. Sau 32 tháng, Hàn Quốc đã ghi nhận trường hợp mắc đầu tiên ở chim hoang dã hồi cuối tháng 10, tại Cheonan, cách thủ đô Seoul 90 km về hướng Nam./.
"
"Dịch cúm gia cầm lan rộng ở miền Tây Nhật Bản, hơn 2 triệu con gà bị tiêu hủy",http://kenh14.vn/dich-cum-gia-cam-lan-rong-o-mien-tay-nhat-ban-hon-2-trieu-con-ga-bi-tieu-huy-20201203180810069.chn,2020-12-03,"

Tại tỉnh Kagawa, tổng cộng 9 trang trại gà ở thành phố Mitoyo và một trang trại ở thành phố Higashikagawa đã bị ảnh hưởng bởi dịch cúm gia cầm. Virus cúm gia cầm độc lực cao cũng đã được xác nhận tại các trại nuôi gà ở thành phố Awaji thuộc tỉnh Hyogo, thành phố Munakata của tỉnh Fukuoka, các thành phố Hyuga và Miyakonojo ở tỉnh Miyazaki và thị trấn Tsuno tại tỉnh Miyazaki. Tổng cộng hơn 2 triệu con gà sẽ bị tiêu hủy.Dịch cúm gia cầm đang lan rộng ở nhiều thành phố miền Tây Nhật Bản (Ảnh minh họa: AP)Khoảng hơn 2 triệu con gà sẽ bị tiêu hủy (Ảnh: Getty)Tỉnh Miyazaki được biết đến là một trong những vùng nuôi gà lớn nhất ở Nhật Bản. Hiện có hơn 160 trang trại nằm trong bán kính 10 km của trang trại bị ảnh hưởng ở thị trấn Tsuno, quận Koyu, tỉnh Miyazaki. Các đợt bùng phát dịch cúm gia cầm đã gây ra sự chấn động trong ngành chăn nuôi sở tại khi dịch bệnh này xảy ra vào thời điểm tỉnh Miyazaki đang hoàn thành các thủ tục thúc đẩy xuất khẩu gà mang thương hiệu riêng của địa phương.Nhiều loài chim di cư chuẩn bị bay đến Nhật Bản trong mùa đông, tiềm ẩn mối nguy về dịch cúm gia cầm (Ảnh: AP)Hiện ngành chăn nuôi gia cầm tại các địa phương trên khắp Nhật Bản đang tăng cường cảnh giác cao độ với dịch cúm gia cầm trong bối cảnh nhiều loài chim di cư chuẩn bị bay đến Nhật Bản trong mùa đông. Một quan chức của Bộ Nông nghiệp Nhật Bản cho biết, hiện nay, dịch cúm gia cầm đang bùng phát tại nhiều khu vực ở châu Âu. Những con chim di cư từ châu Âu sang châu Á rất có thể đã làm lây truyền virus cúm gia cầm tại Nhật Bản.
"
"Phát hiện virus cúm gia cầm độc lực cao, Hàn Quốc nâng cảnh báo cao nhất",https://kenh14.vn/phat-hien-virus-cum-gia-cam-doc-luc-cao-han-quoc-nang-canh-bao-cao-nhat-20201129165810502.chn,2020-11-29,"

Trong cuộc họp giao ban trực tuyến ngày 29/11, Bộ trưởng Bộ Nông nghiệp Hàn Quốc Kim Hyun-soo cho biết, chính phủ nước này quyết định sẽ tăng cường các biện pháp kiểm dịch sau khi trường hợp nhiễm chủng cúm gia cầm H5N8 độc lực cao đầu tiên được phát hiện tại một trại nuôi vịt ở Jeongeup, tỉnh Bắc Jeolla.Giới chức trách ngay lập tức nâng mức cảnh báo về sự xuất hiện của chủng cúm gia cầm độc lực cao lên mức ""nghiêm trọng"" nhất sau khi xác nhận và thực hiện các biện pháp kiểm dịch khắt khe nhằm ngăn chặn sự lây lan của virus mang mầm bệnh.Trường hợp nhiễm chủng cúm gia cầm H5N8 độc lực cao đầu tiên được phát hiện tại một trại nuôi vịt ở Jeongeup, tỉnh Bắc Jeolla (Ảnh minh họa: Business Insider) Các nỗ lực khử trùng đang được triển khai tích cực ở các môi trường sống của những loài chim di cư, những con đường hay dòng suối gần trang trại nơi vừa bùng phát dịch cúm kể trên.Cơ quan kiểm dịch của Hàn Quốc đồng thời lên kế hoạch thực hiện 4 đợt khử trùng kỹ lưỡng bắt đầu từ ngày hôm nay tại các hồ chứa nhỏ, suối và những con đường gần 57 trang trại nuôi gia cầm trên khắp cả nước.Gần đây, tại nước ngoài liên tiếp phát sinh các trường hợp nhiễm cúm gia cầm độc lực cao. Mùa chim di cư đang tới gần, đặt cơ quan phòng dịch Hàn Quốc vào trạng thái báo động trong việc đối phó với sự lây lan của cúm gia cầm.
"
Phát hiện ổ dịch cúm gia cầm nguy cơ lây nhiễm cao tại Nhật Bản,https://kenh14.vn/phat-hien-o-dich-cum-gia-cam-nguy-co-lay-nhiem-cao-tai-nhat-ban-20201106130507766.chn,2020-11-06,"

Ngày 5/11, Chính phủ Nhật Bản cho biết, tỉnh Kagawa của Nhật Bản sẽ tiêu hủy 330.000 con gà tại một trang trại sau khi dịch cúm gia cầm đã lần đầu tiên bùng phát tại nước này trong hơn 2 năm qua. Những con gà tại một trang trại ở Mitoyo, thành phố ở phía Tây tỉnh Kagawa, đã có kết quả dương tính với virus cúm gia cầm trong cuộc kiểm tra sơ bộ vào ngày 5/11.Dịch cúm gia cầm đã lần đầu tiên bùng phát ở Nhật Bản trong hơn 2 năm qua (Ảnh minh họa: AP)Được biết, trang trại trên đã thông báo cho chính quyền tỉnh về việc nghi ngờ bùng phát dịch cúm gia cầm vào ngày 4/11. Từ ngày 1 - 4/11, khoảng 3.800 con gà đã bị chết tại đây.330.000 con gà sẽ bị tiêu hủy (Ảnh: AP)Giới chức Bộ Nông nghiệp, Lâm nghiệp và Thủy sản Nhật Bản cho biết sẽ tiến hành thêm các xét nghiệm di truyền để xác nhận xem virus lây nhiễm là chủng cúm gia cầm H5 có độc lực cao hay là chủng độc lực thấp.Thủ tướng Nhật Bản Suga Yoshihide đã chỉ đạo các thành viên nội các cập nhật liên tục việc thực hiện các biện pháp phòng ngừa dịch cúm gia cầm. Thủ tướng Suga Yoshihide kêu gọi những người chăn nuôi gia cầm đề cao cảnh giác.Đợt bùng phát dịch cúm gia cầm gần đây nhất của Nhật Bản xảy ra vào tháng 1/2018. 91.000 con gà tại một trang trại ở thành phố Sanuki cũng thuộc tỉnh Kagawa đã bị tiêu hủy do chủng cúm gia cầm H5N6.
"
Chuyên gia Trung Quốc: Người từng mắc Covid-19 không nên để bị cảm cúm,https://kenh14.vn/chuyen-gia-trung-quoc-nguoi-tung-mac-covid-19-khong-nen-de-bi-cam-cum-20200803114208726.chn,2020-08-03,"

Ông Trương Bá Lễ, thành viên nhóm chuyên gia Tổ chỉ đạo Trung ương phòng chống dịch Covid-19 của Trung Quốc trong một chuyến làm việc mới đây ở Vũ Hán về vấn đề hồi phục của bệnh nhân Covid-19 cho biết, sau khi tìm hiểu các người bệnh tại đây, ông có thêm nhận thức mới về căn bệnh này.Ông Trương Bá Lễ, chuyên gia nổi tiếng về Đông y của Trung Quốc. Ảnh: Nhật báo Bắc KinhTheo đó, ban đầu ông cho rằng, những người bệnh nhẹ sẽ không có di chứng, nhưng nay phát hiện vẫn ít nhiều bị di chứng. Trong khi đó, với những người bệnh nặng, bên cạnh việc quan tâm tới những tổn thương đối với cơ thể người bệnh, còn cần chú trọng tới tổn thương về tinh thần, bởi những lo lắng và bất an ở những đối tượng này phức tạp hơn những gì người ta tưởng tượng.Ông cho biết, một số ít người bệnh cần hồi phục chức năng miễn dịch, phổi, tim và thận, do vậy cần có sự quan tâm đúng mức. Tuy nhiên, theo ông, đa số người bệnh không có di chứng, chỉ có một số ít di chứng nhiều hoặc phức tạp. Dựa trên những dự đoán hiện nay, những người có di chứng, như xơ hóa phổi, tổn thương chức năng thận..., cần khoảng 1 năm để khôi phục hoàn toàn.Ông cũng khuyên những người bệnh có di chứng không nên quá lo lắng, vội vàng và tích cực phối hợp điều trị sau phục hồi. Ông đặc biệt nhắc nhở những người từng mắc Covid-19, mùa Thu Đông năm nay chú ý không để bị cảm cúm, nhằm tránh tiếp tục gây tổn thương cho hệ hô hấp, bởi phổi của những người bệnh này vừa được phục hồi sau cơn bạo bệnh.Trong khi đó, theo dự báo của ông Trương Văn Hồng, một chuyên gia khác của Trung Quốc, sau tháng 10 năm nay, nước này có thể đón 1 đợt cao điểm dịch mới. Do vậy, ông khuyên người dân không được mất cảnh giác, hạn chế ra ngoài, tiếp tục chăm rửa tay và đeo khẩu trang./.
"
"Chuyên gia chia sẻ cách phân biệt triệu chứng giữa ""Coronavirus, Cảm cúm và Cảm thường"" đơn giản, dễ nhớ nhất!",https://kenh14.vn/chuyen-gia-chia-se-cach-phan-biet-trieu-chung-giua-coronavirus-cam-cum-va-cam-thuong-don-gian-de-nho-nhat-20200313172750689.chn,2020-03-13,"

Các bệnh lý về cúm và bệnh lý nhiễm virus corona đều là những bệnh lý có liên quan tới đường hô hấp. Điều đáng nói là các triệu chứng của những căn bệnh này đều khá giống nhau. Chẳng hạn như triệu chứng sốt, ho, khó thở... đều là biểu hiện điển hình của người đang bị cảm cúm. Vậy câu hỏi đặt ra là có điểm gì khác biệt giữa các triệu chứng của cúm do virus corona, cảm cúm và cảm lạnh thông thường?Thông tin này mới đây đã được các chuyên gia giải đáp triệt để trên trang Lá chắn Virus Corona.Sự khác biệt giữa các triệu chứng của virus corona và cúm, cảm lạnh thông thường là gì?Theo GS.TS. Nguyễn Văn Kính, Nguyên Giám đốc Bệnh viện Bệnh nhiệt đới Trung ương cho biết, Bản chất của nhiễm trùng đường hô hấp như nhau dù tác nhân khác nhau. Những triệu chứng ho hắt hơi, sổ mũi, cúm hay cảm lạnh thông thường có thể vài ngày là khỏi. Cúm có các chủng: A, B, C. Cúm A, B lây cho người. Kháng nguyên H và N đối với cúm A, có 15 cái H và 9 cái N, tạo ra biến chủng. Riêng cúm A có thể gây ra đại dịch. Ví dụ: Cúm A H5N1, cúm A H1N1, mức độ lây lan mạnh mẽ. Nguồn gốc từ chim, gia cầm, lợn tái tổ hợp thành các chủng khác nhau. Cúm AH1N1 trở thành cúm mùa, nhưng ngay tại Đài Loan có hàng chục ca chết, nên không chủ quan.Triệu chứng cúm A hay viêm đường hô hấp cấp nCoV, MERS-CoV, SARS tương tự như nhau, đều tấn công vào phổi, nó đều là viêm phổi cấp, nhiễm trùng hô hấp cấp… viêm lan tỏa cả 2 phổi. Bản chất nguy hiểm như nhau. Tuy nhiên, bệnh Cúm còn có thuốc đặc trị như tamiflu, zanavimir, peramivir. Còn riêng đối với nCov, SARS, MERS-CoV hầu như không có thuốc đặc hiệu, chưa có vắc xin. Dựa theo cơ chế phát sinh, một số ứng dụng đưa vào điều trị như ứng dụng thuốc chống HIV đưa vào chỉ theo ý nghĩ ban đầu, tạm ứng dụng đưa vào thử nghiệm. Bản chất của nó đánh vào 2 con virus khác nhau. Theo đáp ứng miễn dịch 7-10 ngày sẽ khỏi, ai nặng có biến chứng sẽ tử vong. Những người tiểu đường, COPD, tăng huyết áp tỷ lệ tử vong cao hơn. Tổng hòa lại, những người có nguy cơ cao là những người có bệnh nền. Ông bố người Trung Quốc có sẵn bệnh ung thư, mà ta đã điều trị khỏi nCoV.Cũng theo GS Kính chia sẻ: ""Trong bối cảnh vừa có dịch cúm, vừa có dịch nCoV, chúng ta nên phân tích tỉ mỉ về dịch tễ, lâm sàng. Bởi triệu chứng giống nhau. Một trường hợp ở Uông Bí lên, viêm phổi 2 bên, trắng lốp 2 phổi, gây ra hoang mang. Nhưng sàng lọc hóa ra cúm A/H1N1. Phân biệt rất kỹ ngoài lâm sàng còn phải gắn chặt với yếu tố dịch tễ, và sau đó là kết quả từ phòng xét nghiệm"".Bên cạnh đó, GS Kính còn nhấn mạnh, để khẳng định thì cần phải xét nghiệm không dựa trên lâm sàng, 3 yếu tố cấu thành để chúng ta khẳng định đó là: yếu tố dịch tễ (có tiếp xúc gần, đến và đi từ vùng có dịch trong vòng 14 ngày, có bệnh cảnh lâm sàng đường hô hấp, có xét nghiệm (rất quan trọng) để khẳng định được nCoV.Đồng quan điểm, PGS.TS Trần Minh Điển, Phó Giám đốc BV Nhi Trung ương chia sẻ: ""Tôi rất đồng thuận với với chia sẻ của GS Kính về các kiến thức liên quan đến virus này. Theo tôi, triệu chứng của nCoV cũng khá đa dạng đầu tiên cũng giống như cảm lạnh: hắt hơi, sổ mũi... dấu hiệu đó được gọi là mức độ nhẹ nhất là viêm đường hô hấp trên và dấu hiệu tiếp theo nữa bắt đầu với những tổn thương ở cơ địa đặc biệt có thể gây ra mức độ viêm phổi"".Viêm phổi tùy theo mức độ: có thể nhẹ, viêm phổi nặng (suy hô hấp, khó thở, tím tái) và biểu hiện lâm sàng khác nữa của bệnh nhân trên bệnh nền đặc biệt và cũng có thể đồng nhiễm thêm các virus, vi khuẩn khác thì có thể đưa đến tình trạng nhiễm khuẩn huyết (nặng), nặng hơn là sốc nhiễm trùng, trước hết theo thông tin từ Tổ chức y tế thế giới cũng như phác đồ của bên Trung Quốc là những phân thể lâm sàng do nhiễm nCoV này. Theo mức độ bệnh thì nhẹ đến nặng nhưng hầu hết các tình trạng đều dừng lại ở mức độ viêm đường hô hấp, viêm phổi nhẹ còn viêm phổi nặng và sốc nhiễm trùng thì không thực sự nhiều, tất nhiên chưa có thống kê cụ thể để biết chính xác bao nhiêu.Tại sao chúng ta luôn luôn cảnh báo về nCoV vì liên quan đến đặc điểm dịch tễ hàng đầu là trong nước những người đến từ vùng Vũ Hán và những người đến từ Trung Quốc mà bắt đầu xuất hiện dịch rồi cần hết sức lưu ý với những người đó?Hiện nay chúng ta đang cho cách ly hoàn toàn 14 ngày. Đầu tiên luôn phải có yếu tố dịch tễ, với triệu chứng lâm sàng để phát hiện: dấu hiệu đường hô hấp, dấu hiệu sốt, đau người, mệt mỏi... đó là cái chung về triệu chứng còn hàng đầu nếu xuất hiện nCoV là phải đưa ra ca bệnh nghi ngờ tức là phân tích đặc điểm dịch tễ, bệnh nhân đến từ đâu, tiếp xúc với ai có liên quan gì đến dịch viêm phổi hay không đó là những cái cần lưu ý.Còn theo PGS.BS Trần Huỳnh (Huynh Wynn Tran), tại ĐH Y khoa California Northstate University, Sacramento, California, Hoa Kỳ chia sẻ, ""Mặc dù triệu chứng của Coronavirus (Covid-19), cảm cúm (influenza), và cảm thường (common cold) có nhiều điểm giống nhau. Tuy nhiên, giữa các bệnh này có một vài điểm khác nhau"".BS Trần Huỳnh đã chia sẻ rất ngắn gọn các đặc điểm có thể phân biệt 3 loại bệnh trên và minh họa bằng những hình vẽ rất sinh động về các triệu chứng gợi ý sự khác biệt giữa 3 loại bệnh này để mọi người dễ ghi nhớ.Hình vẽ minh họa phân biệt các triệu chứng giữa Coronavirus, Cảm cúm và Cảm thường (bản Anh - Việt)Hình vẽ minh họa phân biệt các triệu chứng giữa Coronavirus, Cảm cúm và Cảm thường (bản Việt)BS Huỳnh khẳng định, Virus Sars-Cov-2, khác với virus cảm thường, thường tấn công vào phần dưới của hệ hô hấp như phổi nên các triệu chứng thường nặng hơn, và khi có triệu chứng thì nguy hiểm hơn. Đồng thời BS cũng đặc biệt lưu ý với mọi người, đây chỉ là những gợi ý các triệu chứng dựa trên các bài nghiên cứu về Corona, cảm thường, và cảm cúm. Còn việc chẩn đoán bệnh cuối cùng vẫn phải do bác sĩ thực hiện.BS Huỳnh gợi ý về triệu chứng khác biệt giữa 3 loại bệnh Covid-19, Cảm cúm và Cảm thường như sau:Bảng mô tả sự khác biệt về triệu chứng giữa 3 loại bệnh Covid-19, Cảm cúm và Cảm thườngCuối cùng, để phòng ngừa Coronavirus, BS Huỳnh khuyến cáo mọi người cần lưu ý:- Rửa tay thường xuyên với xà phòng.- Uống nước ấm đầy đủ, giữ cổ họng ẩm nếu như bị đau cổ.- Súc miệng và vệ sinh răng.- Tập thể dục thường xuyên để tăng hệ miễn dịch.- Ngủ đủ giấc, bớt nghe và xem tin đồn thất thiệt.- Đeo mặt nạ (khẩu trang) nếu có triệu chứng hô hấp hay đến nơi có nguy cơ dịch bệnh.Nguồn:1, https://ltus.me/wt2, https://www.facebook.com/huynhtranmd/posts/10157829125621183?__cft__[0]=AZUTdezMT7J2PnreFHK6QPD8ExK1NtzOmJDJSrXRVqYuhe01YuA5jgVbX0yArZjDqMhmrXbnOuPWcT96KhgI9_CuDpn_UWRNJr2l_lFZWrLVbT3Qgbf7cSt_89AMJEEu2PQftDHntB3R5ktthqBlugyg&__tn__=%2CO%2CP-R
"
"Hơn 100.000 con gia cầm bị tiêu hủy do dịch cúm A/H5N6, H5N1",https://kenh14.vn/hon-100000-con-gia-cam-bi-tieu-huy-do-dich-cum-a-h5n6-h5n1-20200226153128652.chn,2020-02-26,"

Bộ NN&PTNT cảnh báo nguy cơ lân lan dịch cúm gia cầm trong thời gian tới ở mức caoBộ NN&PTNT vừa báo cáo Thủ tướng về tình hình, công tác phòng chống dịch bệnh trên gia súc, gia cầm. Theo đó, từ đầu tháng 1/2020 đến nay, cả nước xuất hiện 34 ổ dịch cúm gia cầm, trong đó 29 ổ dịch cúm A/H5N6 và 5 ổ dịch do A/H5N1.Dịch xảy ra ở 10 địa phương (Quảng Ninh, Hà Nội, Bắc Ninh, Thanh Hoá, Nghệ An, Trà Vinh, Thái Bình, Bình Dương, Ninh Bình và Hải Phòng), với tổng số gia cầm chết, tiêu hủy là hơn 100.000 con. Bộ NN&PTNT cho hay, virus cúm H5N6 được phát hiện tại Việt Nam từ năm 2014. Hằng năm, chủng virus này vẫn gây ra các ổ dịch nhỏ lẻ trên gia cầm, được phát hiện và kiểm soát kịp thời.Đến nay, Việt Nam chưa ghi nhận trường hợp người mắc bệnh do chủng vi rút cúm A/H5N6, dù trên thế giới đã có 24 trường hợp, trong đó có 7 người chết vì cúm A/H5N6, chủ yếu tại Trung Quốc.Dự báo, thời gian tới, nguy cơ dịch cúm gia cầm có thể tiếp tục xảy ra, do mật độ chăn nuôi cao với trên 467 triệu con, thời tiết thay đổi bất lợi, tỷ lệ tiêm phòng vaccine thấp…đặc biệt, trong bối cảnh dịch Covid-19 đang diễn biến phức tạp.Theo Bộ NN&PTNT trong quý I/2020, lượng vaccine trong kho của các doanh nghiệp có thể cung ứng cho thị trường là khoảng 51 triệu liều. Dự kiến cả năm 2020, tổng số vaccine cúm sản xuất trong nước là 200 triệu liều và nhập khẩu khoảng 300 triệu liều.Về giải pháp thời gian tới, Bộ NN&PTNT đề nghị các địa phương tổ chức các đoàn công tác kiểm tra, hướng dẫn, đôn đốc tổ chức phòng, chống dịch bệnh. Tổ chức giám sát chặt chẽ tình hình dịch bệnh và sự lưu hành virus cúm gia cầm, phát hiện sớm và xử lý triệt để ổ dịch, không để dịch bệnh lây lan diện rộng.Tăng cường giám sát chặt chẽ việc tập kết, buôn bán gia cầm và các sản phẩm gia cầm; xử lý nghiêm đối với các trường hợp vận chuyển, buôn bán gia cầm, sản phẩm gia cầm nhập lậu qua biên giới, không rõ nguồn gốc.Tổ chức vệ sinh, khử trùng, tiêu độc môi trường tại các vùng trọng điểm, vùng nguy cơ cao để tiêu diệt các loại mầm bệnh...Liên quan đến dịch Covid-19, Bộ NN&PTNT cũng đề xuất Thủ tướng xây dựng kế hoạch ứng phó với nguy cơ xuất hiện Covid-19 trên động vật, trong đó có nội dung tăng cường năng lực chẩn đoán, xét nghiệm phát hiện nCoV trên động vật nuôi và động vật hoang dã; tăng cường năng lực giám sát, cảnh báo và ứng phó nguy cơ xuất hiện Covid-19 ở động vật nuôi.Cùng đó, bộ này cũng đề xuất Thủ tướng chỉ đạo xây dựng Trung tâm phòng, chống bệnh truyền lây từ động vật sang người. Bởi, theo Tổ chức Y tế thế giới, Tổ chức Thú y thế giới có đến trên 75% các bệnh mới nổi ở người có nguồn gốc từ động vật.
"
"Cúm gia cầm xuất hiện tại 5 địa phương, tiêu hủy hơn 40.000 con",https://kenh14.vn/cum-gia-cam-xuat-hien-tai-5-dia-phuong-tieu-huy-hon-40000-con-20200213144015813.chn,2020-02-13,"

Bộ NN&PTNT thông tin, tính đến ngày 11/2/2020, cả nước hiện có 10 ổ dịch cúm gia cầm do virus cúm A/H5N6 gây ra, buộc phải tiêu hủy 43.202 con gia cầm tại 5 tỉnh, thành phố: Bắc Ninh, Hà Nội, Quảng Ninh, Thanh Hóa và Nghệ An.Cụ thể, tại tỉnh Quảng Ninh, xuất hiện 1 ổ dịch cúm A/H5N6 xảy ra tại 1 hộ chăn nuôi thuộc xã Dực Yên, huyện Đầm Hà. Tổng số gia cầm mắc bệnh và tiêu hủy là 3.000 con gà (ổ dịch đã qua 21 ngày).Tỉnh Thanh Hóa, có 3 ổ dịch, xảy ra tại 3 xã, 2 huyện, buộc phải tiêu hủy 20.184 con gia cầm.Tỉnh Nghệ An có 3 ổ dịch, xảy ra tại 3 xã thuộc huyện Quỳnh Lưu, buộc phải tiêu hủy 344 con gia cầm.Đã có 5 địa phương xuất hiện cúm gia  cầm, tiêu hủy hơn 43.000 conTại TP Hà Nội, từ ngày 3/2/2020 phát sinh ổ dịch tại 4 hộ chăn nuôi tại thôn Phú Vinh, thuộc xã Phú Nghĩa, huyện Chương Mỹ. Tổng số gia cầm chết và tiêu hủy là 6.807 con.Tỉnh Bắc Ninh, từ ngày 5 - 11/2/2020, 2 ổ dịch cúm gia cầm A/H5N6 xảy ra tại 2 hộ tại phường Hòa Long, thành phố Bắc Ninh và xã Việt Thống, huyện Quế Võ làm chết và tiêu hủy 8.731 con vịt.Theo nhận định của Bộ NN&PTNT, hiện nay, bệnh cúm gia cầm là bệnh địa phương, đã được kiểm soát tốt, dịch bệnh không xảy ra ở diện rộng; các ổ dịch cúm gia cầm xuất hiện rải rác, mỗi tỉnh xuất hiện ở 1-2 hộ chăn nuôi nhỏ lẻ có gia cầm chưa tiêm phòng vaccine.Tuy nhiên, thời gian tới, dịch bệnh có thể tiếp tục xảy ra do nhiều nguyên nhân khá nhau như tổng đàn gia cầm rất lớn (467 triệu con); điều kiện thời tiết thay đổi bất lợi; nhu cầu vận chuyển, giết mổ, tiêu thụ phục vụ các lễ hội đầu năm tăng cao; việc tổ chức tiêm vaccine cho đàn gia cầm đạt tỷ lệ thấp tại một số địa phương, nhất là đối với chăn nuôi gia cầm nông hộ.Do đó, nguy cơ dịch bệnh cúm gia cầm xuất hiện, lây lan rất cao và có nguy cơ ảnh hưởng đến sức khỏe cộng đồng, đặc biệt trong điều kiện dịch bệnh viêm phối cấp do chủng virus mới Corona (nCoV) gây ra.Trong khi đó, ngoài dịch cúm gia cầm thì hiện đang có 3 tỉnh gồm Tiền Giang, Quảng Ninh và Yên bái xuất hiện dịch lở mồm long móng trên đàn gia súc.
"
"Dịch cúm gia cầm A/H5N6 bùng phát ở 4 tỉnh, thành phố",https://kenh14.vn/dich-cum-gia-cam-a-h5n6-bung-phat-o-4-tinh-thanh-pho-20200212003052342.chn,2020-02-12,"

Cụ thể, tỉnh Quảng Ninh có 1 ổ dịch cúm gia cầm A/H5N6 xảy ra tại 1 hộ chăn nuôi thuộc xã Dực Yên, huyện Đầm Hà. Tổng số gia cầm mắc bệnh và tiêu hủy toàn bộ đàn gà 3.000 con.Tỉnh Thanh Hóa có 3 ổ dịch, xảy ra tại 3 xã, 2 huyện (Nông Cống và Quảng Xương) buộc phải tiêu hủy hơn 20.000 con gia cầm. Tỉnh Nghệ An cũng có 3 ổ dịch, xảy ra tại 3 xã, 2 huyện, buộc phải tiêu hủy 344 con gia cầm.Thành phố Hà Nội có 1 ổ dịch tại 11 hộ chăn nuôi thuộc xã Phú Nghĩa, huyện Chương Mỹ. Tổng số gia cầm mắc bệnh là 1.860 con, số gia cầm chết và tiêu hủy là 2.397 con.Ảnh minh họa. (Nguồn: AFP)Theo Cục Thú y, cúm gia cầm là bệnh địa phương, đã được kiểm soát tốt, dịch bệnh không xảy ra ở diện rộng. Các ổ dịch cúm gia cầm xuất hiện rải rác, mỗi tỉnh xuất hiện ở 1- 2 hộ chăn nuôi nhỏ lẻ có gia cầm chưa tiêm phòng vắcxin.Virus gây bệnh cúm gia cầm tại Việt Nam từ năm 2018 đến nay thuộc nhánh H5N1 2.3.2.1c (chủ yếu tại khu vực Đồng bằng sông Cửu Long) và H5N6 2.3.4.4h, 2.3.4.4f, 2.3.4.4g (phân bố tại nhiều vùng trong cả nước). Phân tích các đặc tính sinh học phân tử cho thấy không có sự biến đổi lớn, có tính đặc hiệu với thụ thể bám trên gia cầm.Cục Thú y dự báo, trong thời gian tới, dịch bệnh có thể tiếp tục xảy ra do nhiều nguyên nhân khá nhau. Đó là, hiện tổng đàn gia cầm rất lớn với 467 triệu con; điều kiện thời tiết thay đổi bất lợi; nhu cầu vận chuyển, giết mổ, tiêu thụ phục vụ các lễ hội đầu năm tăng cao; việc tổ chức tiêm vắcxin cúm gia cầm cho đàn gia cầm đạt tỷ lệ thấp tại một số địa phương, nhất là đối với chăn nuôi gia cầm nông hộ.Do đó, nguy cơ dịch bệnh cúm gia cầm xuất hiện, lây lan rất cao và có nguy cơ ảnh hưởng đến sức khỏe cộng đồng, đặc biệt trong điều kiện dịch bệnh viêm phối cấp do chủng virus mới corona (nCoV) gây ra.Hiện nay, Việt Nam chưa phát hiện trường hợp nhiễm cúm A/H7N9. Tuy nhiên, nguy cơ vi rút cúm A/H7N9 và một số chủng vi rút khác như A/H5N2, A/H5N8 xâm nhiễm là cao.Trước tình hình  dịch bệnh trên gia cầm có chiều hướng gia tăng và có nguy cơ lây lan trên diện rộng, ông Nguyễn Văn Long, Phó Cục trưởng Cục Thú y cho biết, Cục đã yêu cầu các Chi cục Thú y vùng lập đoàn công tác đến các địa phương đang có ổ dịch cúm gia cầm cũng như dịch tả lợn châu Phi, lở mồm long móng; các địa phương có ổ dịch cũ và địa phương có nguy cơ cao để kiểm tra, đôn đốc và hướng dẫn triển khai đồng bộ các giải pháp phòng, chống dịch bệnh.Các Chi cục Thú y vùng cũng phải bố trí cán bộ trực, xét nghiệm và nguyên vật liệu xét nghiệm các loại dịch bệnh, đảm bảo việc xét nghiệm kịp thời, chính xác để chỉ đạo, hướng dẫn các địa phương tổ chức phòng, chống dịch bệnh kịp thời và hiệu quả.Trước đó, ngày 3/2, Bộ Nông nghiệp và Phát triển nông thôn đã có Công điện khẩn số 735/CĐ-BNN-TY gửi Chủ tịch Ủy ban Nhân dân các tỉnh, thành phố trực thuộc Trung ương về việc tập trung triển khai quyết liệt, đồng bộ các giải pháp phòng chống dịch cúm gia cầm.Theo đó, Bộ Nông nghiệp và Phát triển nông thôn đề nghị các tỉnh, thành phố chỉ đạo các sở, ngành và chính quyền các cấp tập trung hướng dẫn chủ chăn nuôi gia cầm tăng cường áp dụng nghiêm ngặt các biện pháp chăn nuôi an toàn sinh học, các biện pháp chủ động phòng dịch, tiêm phòng vắcxin cúm gia cầm cho đàn gia cầm.Các địa phương chủ động giám sát, lấy mẫu xét nghiệm bệnh cúm gia cầm để kịp thời cảnh báo, áp dụng các biện pháp phòng, chống dịch bệnh, sử dụng có hiệu quả các loại vắc xin phòng bệnh cúm gia cầm.Các địa phương tổ chức tiêm vắcxin phòng bệnh cho đàn gia cầm, bảo đảm đạt tỷ lệ tối thiểu trên 80% tổng đàn có nguy cơ và thuộc đối tượng tiêm phòng.Các tỉnh, thành tổ chức Tháng tổng vệ sinh, khử trùng, tiêu độc môi trường tại các vùng trọng điểm, vùng nguy cơ cao của tỉnh, thành phố để tiêu diệt các loại mầm bệnh. Thời gian thực hiện đồng loạt ngay từ đầu tháng 2.Chiều 11/2, ông Nguyễn Ngọc Sơn, Chi cục trưởng Chi cục Chăn nuôi và Thú y Hà Nội cho biết, hiện nay trên địa bàn thành phố Hà Nội đã phát hiện có phát sinh ổ dịch cúm A/H5N6 đầu tiên tại huyện Chương Mỹ.Tính đến hôm nay, trên địa bàn xã Phú Nghĩa có bốn hộ chăn nuôi gia cầm bị ốm chết; trong đó một hộ chăn nuôi dương tính với cúm A/H5N6. Tổng số gia cầm tiêu hủy của bốn hộ là 6.807 con.Cụ thể, vào ngày 3/2 phát hiện đàn vịt gần 2400 con của gia đình ông Nguyễn Văn Sơn thôn Phú Vinh, xã Phú Nghĩa 34 ngày tuổi có biểu hiện ốm chết, qua kiểm tra kết quả dương tính cúm A/H5N6. Ngay sau đó, toàn bộ tổng đàn vịt đã được chính quyền địa phương tiêu hủy theo quy định.Đến ngày 9/2 cũng tại thôn Phú Vinh tiếp tục phát sinh ba hộ chăn nuôi vịt và ngan thương phẩm, với tổng đàn là 4.410 con, đều bị ốm, chết, biểu hiện nghi mắc cúm gia cầm, toàn bộ số gia cầm của ba hộ đã bị tiêu hủy theo quy định ngay trong ngày.Theo ông Nguyễn Ngọc Sơn, mặc dù Hà Nội mới phát hiện có một hộ chăn nuôi gia cầm ở huyện Chương Mỹ dương tính với cúm A/H5N6, nhưng nguy cơ bùng phát dịch bệnh rất cao không thể chủ quan trong công tác phòng chống dịch bệnh.Ông Sơn cho biết, nguyên nhân là thời tiết có diễn biến bất lợi, mưa phùn, lạnh, ẩm ướt làm sức đề kháng vật nuôi giảm, mầm bệnh có điều kiện phát sinh. Trong khi đó, huyện Chương Mỹ còn là khu vực đã từng xảy ra ổ dịch cúm A/H5N6 cuối năm 2018, tại khu vực này lại có nhiều ao hồ, kênh, mương thông nhau là điều kiện để mầm bệnh phát triển. Bên cạnh đó, các hộ chăn nuôi ở đây chủ yếu nhỏ lẻ, manh mún nên nhận thức về chăn nuôi an toàn sinh học và chủ động phòng chống dịch bệnh cho đàn gia cầm còn thấp.Ông Nguyễn Ngọc Sơn cũng cho biết, để chủ động phòng chống dịch cúm gia cầm bùng phát, trước hết với ổ dịch mới được phát hiện tại huyện Chương Mỹ, Chi cục Chăn nuôi và Thú y Hà Nội đã phối hợp với chính quyền địa phương tổ chức tiêu hủy ngay toàn bộ số gia cầm mắc bệnh theo quy định và triển khai đồng bộ các biện pháp phòng, chống dịch (lập chốt, rà soát thống kê, ký cam kết, tiêm phòng bao vây, vệ sinh tiêu độc…).Đối với các xã chưa có dịch chủ động thực hiện các biện pháp phòng bệnh trên đàn gia súc, gia cầm; đồng thời cấp cho huyện Chương Mỹ 150 lít thuốc sát trùng vệ sinh tiêu độc, khử trùng khu vực ổ dịch và khu vực có nguy cơ cao để tiêu diệt mầm bệnh; cấp 450.000 liều vắcxin cúm để tiêm bao vây cho gia cầm khỏe mạnh trong đối tượng tiêm phòng tại xã có dịch và các xã liền kề; cấp vật tư, bảo hộ phòng chống dịch bệnh bảo đảm an toàn cho cán bộ chuyên môn.Song song với phòng chống dịch cúm tại huyện Chương Mỹ, Chi cục cũng phối hợp với các địa phương trên toàn thành phố Hà Nội triển khai đồng loạt đợt tổng vệ sinh, khử trùng tiêu độc môi trường toàn huyện từ ngày 10/2 đến 20/2/2020 theo kế hoạch đảm bảo phòng, chống dịch bệnh.Để chủ động ứng phó với dịch bệnh, Chi cục Chăn nuôi và Thú y Hà Nội tăng cường giám sát chặt chẽ tình hình dịch bệnh tại cơ sở; chuẩn bị vật tư, hóa chất, vắc xin để triển khai các giải pháp phòng, chống dịch kịp thời; tăng cường kiểm tra tình hình chăn nuôi, chỉ đạo các đơn vị trực thuộc Chi cục giám sát chặt chẽ tình hình dịch bệnh tại cơ sở, kịp thời phát hiện, khoanh vùng và xử lý nhanh gọn khi có ổ dịch xảy ra.Đặc biệt, Chi cục phối hợp với các địa phương trên toàn thành phố Hà Nội làm tốt công tác tuyên truyền để người chăn nuôi tự chủ động phòng dịch đồng thời hướng dẫn người chăn nuôi áp dụng tốt biện pháp chăn nuôi an toàn sinh học, không để dịch bệnh xảy ra, nhất là các bệnh truyền nhiễm nguy hiểm.Bên cạnh đó, Chi cục cũng duy trì hoạt động các chốt kiểm dịch động vật tại các đầu mối giao thông và Tổ Kiểm dịch động vật liên ngành lưu động thành phố; tăng cường giám sát thực hiện tốt các giải pháp phòng, chống dịch, kiểm tra xử lý nghiêm các trường hợp vận chuyển gia cầm trái phép vào địa bàn.
"
Ổ dịch cúm gia cầm H5N6 bùng phát tại Trung Quốc,https://kenh14.vn/o-dich-cum-gia-cam-h5n6-bung-phat-tai-trung-quoc-20200210122952353.chn,2020-02-10,"

Đài Sputnik dẫn thông báo của bộ trên cho hay: ""Một đợt bùng phát dịch cúm gia cầm H5N6 có khả năng gây bệnh cao đã xảy ra tại một trang trại ở Xichong thuộc thị trấn Nam Sung của tỉnh Tứ Xuyên”.Trong số 2.497 con gia cầm nuôi nhốt tại đây đã có 1.840 con nhiễm virus và chết. Giới chức địa phương đã triển khai mọi biện pháp cần thiết để ngăn chặn virus H5N6 lây lan, trong đó có việc tiêu hủy 2.260 con gia cầm.Ảnh minh họa - AFPĐầu tháng 2, tại Trung Quốc đã ghi nhận một ổ dịch cúm gia cầm H5N1 tại thị trấn Shuangqing, thành phố Thiệu Dương, tỉnh Hồ Nam.Chủng virus H5N1 đã khiến hàng chục người thiệt mạng khắp thế giới trong vài thập kỷ qua. Thế giới từng chứng kiến hai đợt bùng phát cúm gia cầm H5N1 nghiêm trọng năm 2019 – 2010 và 2013 – 2014. Cả hai lần, Tổ chức Y tế Thế giới (WHO) và cộng đồng quốc tế đều nỗ lực hết sức để kiểm soát sự lây lan của dịch bệnh này.Theo các chuyên gia y tế, cúm gia cầm - lần đầu tiên được phát hiện ở các loài gia cầm tại khu vực Đông Nam Á - là một loại virus cúm rất dễ lây lan, có thể lây sang người. Tuy nhiên, không giống như dịch viêm đường hô hấp ở Vũ Hán hiện nay, bệnh cúm gia cầm có thể cứu chữa được sau khi WHO phát triển thành công loại vaccine phòng chống virus này.
"
Việt Nam đang đối mặt với nguy cơ về cúm gia cầm bên cạnh dịch corona,https://kenh14.vn/viet-nam-dang-doi-mat-voi-nguy-co-ve-cum-gia-cam-ben-canh-dich-corona-20200204160251312.chn,2020-02-04,"

Ngày 4/2, thông tin tới PV, ông Nguyễn Văn Đông, Cục trưởng Cục Thú y (Bộ NN&PTNT) cho biết, 11 quốc gia, vùng lãnh thổ trên thế giới đã ghi nhận bệnh CGC. Trong đó, tại Trung Quốc, ngày 1/2/2020 ổ dịch CGC A/H5N1được phát hiện tại một trang trại ở quận Song Thành, thành phố Thiệu Dương, tỉnh Hồ Nam. Trang trại này có 7.850 con gà và 4.500 con. Giới chức địa phương đã tiêu hủy 17.828 con gia cầm sau khi dịch bùng phát.Tại Việt Nam, hồi cuối tháng 1/2020 đến nay, cả nước chỉ có 01 ở dịch CGC A/H5N6 chưa qua 30 ngày tại huyện Đầm Hà, tỉnh Quảng Ninh. Do phát hiện kịp thời nên ổ dịch đã được kiểm soát. 3.000 con gà bị tiêu hủy vào ngày 21/1/2020 và đến nay, không phát sinh thêm gia cầm bệnh.Ảnh minh họaÔng Đông cho biết, mặc dù Việt Nam chưa phát hiện trường hợp nhiễm cúm A/H7N9, tuy nhiên, trước tình hình dịch bệnh đã ghi nhận ở các quốc gia, nguy cơ vi rút cúm A/H7N9 và một số chủng vi rút khác như A/H5N2, A/H5N8 xâm nhiễm là cao.Ông Đông dự báo, trong thời gian tới, dịch bệnh có thể tiếp tục xảy ra do nhiều nguyên nhân khác nhau như: Điều kiện thời tiết bất thường, nhu cầu giết mổ, nhu cầu vận chuyển, tiêu thụ gia cầm, việc tổ chức tiêm vắc xin CGC cho đàn gia cầm đạt tỷ lệ thấp tại một số địa phương, nguy cơ dịch bệnh CGC xuất hiện, lây lan rất cao và có nguy cơ ảnh hưởng đến sức khỏe cộng đồng, đặc biệt trong điều kiện dịch bệnh viêm phổi cấp do chủng virrus mới corona (nCoV) gây ra.Ông Đông cho biết, để chủ động phòng, chống dịch bệnh CGC kịp thời và có hiệu quả, ngày 03/2, Bộ NN&PTNT đã có công điện số 735 gửi UBND các tỉnh, thành phố trực thuộc TƯ, về việc tập trung triển khai quyết liệt, đồng bộ các giải pháp phòng, chống bệnh CGC.Bắt đầu từ tháng 2/2020, thực hiện đồng loạt Tháng tổng vệ sinh, khử trùng, tiêu độc môi trường để tiêu diệt các loại mầm bệnh.Cụ thể, tăng cường áp dụng nghiêm ngặt các biện pháp chăn nuôi an toàn sinh học; chủ động phòng dịch, tiêm phòng vắc xin CGC cho đàn gia cầm.Tổ chức tiêm vắc xin CGC phòng bệnh cho đàn gia cầm, bảo đảm đạt tỷ lệ tối thiểu trên 80% tổng đàn có nguy cơ và thuộc đối tượng tiêm phòng;Tập trung tổ chức triển khai, đồng thời kiểm tra công tác phòng, chống dịch bệnh động vật theo hướng dẫn của Bộ NN&PTNT tại Công văn số 647/BNN-TY ngày 15/01/2020 về việc tăng cường công tác phòng, chống dịch bệnh động vật trước, trong và sau Tết Nguyên đán Canh Tý; Chỉ thị số 8256/CT-BNN-TY ngày 01/11/2019 về việc tập trung triển khai quyết liệt, đồng bộ các giải pháp phòng chống dịch bệnh gia súc, gia cầm vụ Đông Xuân;Ngăn chặn, kịp thời phát hiện và xử lý nghiêm các trường hợp vận chuyển trái phép động vật, sản phẩm động vật trên địa bàn quản lý, đặc biệt đối với các trường hợp vận chuyên trái phép gia cầm, sản phẩm gia cầm từ nước ngoài vào Việt Nam;Bắt đầu từ tháng 2/2020, thực hiện đồng loạt Tháng tổng vệ sinh, khử trùng, tiêu độc môi trường tại các vùng trọng điểm, vùng nguy cơ cao của tỉnh, thành phố để tiêu diệt các loại mầm bệnh.Tổ chức các đoàn đến các địa phương để kiểm tra, hướng dẫn, đôn đốc tổ chức thực hiện các biện pháp chăn nuôi an toàn sinh học, vệ sinh phòng dịch; chủ động phối hợp với các tổ chức quốc tế, các nước để chia sẻ thông tin, kinh nghiệm và giải pháp phòng, chống dịch bệnh; khẩn trương tổ chức giám sát, cảnh báo dịch bệnh kịp thời.
"
"Một ổ dịch cúm gia cầm H5N1 lại vừa bùng phát ở tỉnh Hồ Nam, Trung Quốc",https://kenh14.vn/mot-o-dich-cum-gia-cam-h5n1-lai-vua-bung-phat-o-tinh-ho-nam-trung-quoc-20200202000419944.chn,2020-02-02,"

Trong khi đang phải đối phó với dịch bệnh viêm đường hô hấp cấp trên người do virus corona mới gây ra, Trung Quốc lại báo cáo thêm một ổ dịch cúm gia cầm H5N1 tại tỉnh Hồ Nam nước này.Reuter dẫn nguồn tin từ Bộ Nông nghiệp và Nông Thôn Trung Quốc cho biết dịch cúm gia cầm đã bùng phát tại một trang trại ở thành phố Thiệu Dương. Trang trại này có tổng cộng 7.850 con gà, 4.500 con trong số đó đã chết vì nhiễm virus cúm H5N1.Đối phó với dịch bệnh mới này, chính quyền thành phố đã tiêu hủy 17.828 con gia cầm trong vùng dịch. Hiện chưa rõ đợt dịch cúm H5N1 này đã kịp lây nhiễm sang con người hay chưa.Cúm gia cầm H5N1 từng được ghi nhận lây từ gia cầm sang người năm 1997. Ca bệnh đầu tiên được phát hiện ở HongKong. Từ năm 2003, dịch cúm H5N1 trên người bùng phát ở Trung Quốc, sau đó lan sang Việt Nam và 14 quốc gia khác trên thế giới.Kể từ đó tới nay, thế giới đã ghi nhận 861 ca nhiễm virus H5N1 trên người, 455 bệnh nhân trong số đó đã tử vong.Tham khảo Reuter, WHO
"
Hàn Quốc: Ca nghi nhiễm virus cúm gia cầm có thể gây tử vong ở người,https://kenh14.vn/han-quoc-ca-nghi-nhiem-virus-cum-gia-cam-co-the-gay-tu-vong-o-nguoi-20191027175011488.chn,2019-10-27,"

Ngày 27/10, Bộ Môi trường Hàn Quốc thông báo cơ quan chức năng nước này đã phát hiện một trường hợp nghi nhiễm chủng virus cúm gia cầm có khả năng gây tử vong ở người tại thành phố Anseong, cách thủ đô Seoul 80km về phía Nam.Theo bộ trên, mẫu bệnh phẩm đã được gửi đi xét nghiệm và sẽ phải mất từ 3-5 ngày để xác định virus cúm gia cầm này có thuộc chủng nguy hiểm hay không. Hiện các cơ quan chức năng Hàn Quốc đã triển khai các biện pháp phòng ngừa và ngăn chặn dịch bệnh lây lan tại khu vực phát hiện trường hợp nghi nhiễm nói trên.Tiêm vắcxin cho gia cầm tại Hàn Quốc. (Ảnh minh họa. Nguồn: Yonhap)Trước đó, ngày 22/10, giới chức Hàn Quốc xác nhận tồn tại virus cúm gia cầm H5 trong mẫu chất thải của chim hoang dã. Hồi đầu tháng, Hàn Quốc cũng đã thông báo về trường hợp nghi nhiễm virus cúm gia cầm nguy hiểm tại Asan, tỉnh Nam Chungcheong. Tuy nhiên, kết quả kiểm nghiệm sau đó cho thấy chủng virus cúm này không quá nguy hiểm.Các đợt bùng phát dịch cúm gia cầm tại Hàn Quốc thường xảy ra vào mùa Đông. Năm 2016, nước này đã phải đối mặt với đợt dịch tồi tệ nhất trong lịch sử, kéo dài gần tám tháng. Hơn 30 triệu con gia cầm bị tiêu hủy, dẫn tới thiếu hụt nghiêm trọng nguồn cung ứng thịt và trứng.Trường hợp virus cúm gia cầm nguy hiểm có thể gây tử vong ở người gần đây nhất ở Hàn Quốc xảy ra tại Asan hồi tháng 2/2017./.
"
"Sợ thảm kịch xả súng lặp lại, cụm rạp lớn nhất nước Mỹ cấm khán giả hoá trang thành Joker đi xem phim",https://kenh14.vn/so-tham-kich-xa-sung-lap-lai-cum-rap-lon-nhat-nuoc-my-cam-khan-gia-hoa-trang-thanh-joker-di-xem-phim-20190927141810311.chn,2019-09-27,"

Trong lúc cả thế giới đang ngóng chờ ""bom tấn"" Joker (Cười Lên Nào) thì ở Mỹ, không ít người lại sợ hãi bộ phim này. Joker bị cho là có nhiều tình tiết bạo lực, rất dễ cổ súy bạo động. Quân đội Mỹ còn lo ngại vụ xả súng hàng loạt năm 2012 tại buổi chiếu của The Dark Knight Rises (Người Dơi 3: Kỵ Sĩ Bóng Đêm Trỗi Dậy) ở Aurora, Colorado sẽ tái diễn.Ngày 27/9, theo ghi nhận của trang THR, chuỗi rạp chiếu phim độc lập lớn nhất của Mỹ - rạp Landmark đã thêm các trang phục hóa trang vào danh sách những thứ bị cấm khi vào rạp. Bên cạnh đó, mặt nạ và các vũ khí đồ chơi cũng không thoát khỏi lệnh cấm. Chính vì vậy, các fan không thể hóa trang thành Joker tại các rạp chiếu phim.Đối diện với lệnh cấm này, nhiều khán giả đã tỏ ra không thoải mái vì cho rằng quyền tự do về trang phục và phong cách là của mỗi người. Trước những ý kiến trái chiều thì Giám đốc điều hành của Landmark - Ted Mundroff đã phản biện lại: ""Tôi chỉ muốn khách hàng luôn được thoải mái trong môi trường xung quanh"".Mặt khác chuỗi rạp phim AMC lại hoàn toàn thoải mái cho phép người xem mặc trang phục đến rạp ""hẹn hò"" với Joker. Tuy nhiên nhà điều hành AMC khẳng định không cho phép đeo mặt nạ, sơn mặt hoặc dùng bất kỳ vật nào che giấu khuôn mặt. AMC cũng cấm mang vào rạp những vũ khí hay vật phẩm nguy hiểm.Những lệnh cấm được ban hành ra từ các chuỗi rạp phim lớn nhất nước Mỹ đã khiến fan của Joker phẫn nộ. Họ cho rằng các rạp chiếu phim đang có những định kiến nặng nề về bộ phim. Trước ""búa rìu"" dư luận, nam chính bộ phim - Joaquin Phoenix và đạo diễn Todd Phillips đã lên tiếng bảo vệ tác phẩm: ""Bộ phim bàn về vấn đề thiếu thốn tình yêu, chấn thương thời thơ ấu và thiếu lòng trắc ẩn trên thế giới. Tôi nghĩ mọi người đều có thể hiểu được thông điệp này"".Trailer JOKER (Gã Hề)Joker sẽ được phát hành tại các rạp vào ngày 4 tháng 10. Các chuyên gia kì vọng ""tên hề"" sẽ thu về từ 76 đến 88 triệu đô la (khoảng hơn 1700 tỉ VND đến hơn 2000 tỉ VND) doanh thu mở màn.  Thăm dò ý kiến                  Bạn có ngóng chờ bộ phim Joker này không?                          Bạn có thể chọn nhiều mục. Bình chọn của bạn sẽ được công khai.                                Có chứ, fan DC sẽ không bỏ qua siêu phẩm đâu                                        Cũng bình thường không hứng thú lắm                                        Không thích mấy phim của DC                           
"
Phát hiện bệnh nhân 82 tuổi nhiễm cúm gia cầm H7N9,https://kenh14.vn/phat-hien-benh-nhan-82-tuoi-nhiem-cum-gia-cam-h7n9-20190406230155574.chn,2019-04-06,"

Bệnh nhân là một cụ ông 82 tuổi và đang được điều trị tích cực tại bệnh viện tỉnh Cam Túc (Gansu).Chính quyền địa phương ngay lập tức đã triển khai biện pháp phòng ngừa khẩn cấp, khử trùng nơi ở của bệnh nhân và khu vực lân cận. Hiện những người có tiếp xúc gần gũi với bệnh nhân chưa có các dấu hiệu bất thường.Trường hợp người nhiễm cúm H7N9 đầu tiên tại Trung Quốc ghi nhận hồi tháng 3/2013. Các trường hợp nhiễm bệnh hầu hết đều ghi nhận vào mùa Đông và Xuân, và hầu hết các ca bệnh đều bị phơi nhiễm do tiếp xúc với gia cầm sống hoặc môi trường nhiễm bệnh.
"
Kết quả xét nghiệm 2 trường hợp viêm phổi nặng nghi nhiễm cúm gia cầm A/H5N1,https://kenh14.vn/ket-qua-xet-nghiem-2-truong-hop-viem-phoi-nang-nghi-nhiem-cum-gia-cam-a-h5n1-20190211104526658.chn,2019-02-11,"

2 bệnh nhân hiện vẫn đang được điều trị cách ly - Ảnh minh hoạ.Viện Vệ sinh dịch tễ Trung ương vừa cho biết 2 trường hợp viêm phổi nặng nghi nhiễm cúm gia cầm (A/H5N1) đang điều trị tại Bệnh viện Bạch Mai (Hà Nội) nhiễm cùng lúc cúm A/H1N1 và cúm B. Đây là 2 chủng virus cúm mùa.Việc các bệnh nhân này cùng lúc nhiễm 2 chủng virus cúm mùa khác nhau tuy không phổ biến nhưng vẫn ghi nhận tại các vụ dịch cúm.Trước đó, Bệnh viện Bạch Mai tiếp nhận 2 bệnh nhân nam viêm phổi nặng do virus đến từ Hà Nội và Quảng Ninh. Một trường hợp bệnh khởi phát ngày 30-1 và vào viện ngày 1-2. Trường hợp còn lại khởi phát ngày 1-2 và vào viện ngày 4-2. Cả hai đều nhập viện trong tình trạng rất nặng và được điều trị tích cực. Hiện, các trường hợp này vẫn đang tiếp tục được cách ly và điều trị tại bệnh viện.Được biết, sau khi có thông tin về 2 trường hợp viêm phổi nặng nghi nhiễm cúm gia cầm, các đơn vị y tế dự phòng ở địa phương và cơ sở y tế tiếp nhận điều trị 2 bệnh nhân đã tiến hành khử trùng môi trường và đang theo dõi sức khỏe của những người tiếp xúc gần với 2 người bệnh này.Theo Cục Thú y (Bộ Nông nghiệp và Phát triển nông thôn), hiện cả nước không có ổ dịch cúm nào xảy ra trên gia cầm nhưng không vì thế mà loại trừ khả năng cúm gia cầm xuất hiện trên người, bởi từ lâu các cơ quan chức năng đã phát hiện virus cúm AH5N1 vẫn lưu hành trên đàn gia cầm khỏe mạnh.Tại Việt Nam, dịch cúm gia cầm A/H5N1 lần đầu tiên được báo cáo xuất hiện trên gia cầm vào cuối năm 2003. Sau đó, Việt Nam là một trong những nước công bố dịch đầu tiên và bị thiệt hại nặng nề bậc nhất trên thế giới, với khoảng trên 45 triệu gia cầm bị tiêu hủy trong giai đoạn 2003 - 2006. Từ đó đến nay, trung bình mỗi năm phải tiêu hủy hàng trăm ngàn con gia cầm. Đồng thời, từ năm 2004-2014, Việt Nam đã ghi nhận 127 người mắc bệnh, trong đó có 64 (50,4%) người tử vong vì mắc bệnh cúm A/H5N1.
"
2 trường hợp nghi nhiễm cúm gia cầm sau nhiều năm dịch được khống chế trên người,https://kenh14.vn/2-truong-hop-nghi-nhiem-cum-gia-cam-sau-nhieu-nam-dich-duoc-khong-che-tren-nguoi-20190208222134822.chn,2019-02-08,"

Việc buôn bán gia cầm không rõ nguồn gốc làm tăng nguy cơ nhiễm cúm gia cầm trên người.Theo báo cáo nhanh của Bộ Y tế  về công tác y tế dịp Tết Kỷ Hợi, những ngày qua, tại Bệnh viện Bạch Mai (Hà Nội) ghi nhận 2 trường hợp viêm phổi nặng nghi nhiễm  cúm gia cầm nguy hiểm. Hai trường hợp nghi nhiễm cúm gia cầm H5N1 vừa nêu đang được Viện Vệ sinh dịch tễ Trung ương điều tra dịch tễ và lấy mẫu xét nghiệm sâu.Trước đó, các đơn vị y tế dự phòng ở địa phương và cơ sở y tế tiếp nhận điều trị hai bệnh nhân đã tiến hành khử trùng môi trường và đang theo dõi sức khỏe của những người tiếp xúc gần với 2 người bệnh này.Theo Cục Thú y (Bộ Nông nghiệp và Phát triển nông thôn), hiện cả nước không có ổ dịch cúm nào xảy ra trên gia cầm nhưng không vì thế mà loại trừ khả năng cúm gia cầm xuất hiện trên người, bởi từ lâu các cơ quan chức năng đã phát hiện virus cúm AH5N1 vẫn lưu hành trên đàn gia cầm khỏe mạnh.Dự kiến, trong tuần tới sẽ có kết quả xét nghiệm từ Viện Vệ sinh dịch tễ Trung ương để kết luận chính xác 2 ca bệnh viêm phổi nặng nói trên có phải nhiễm cúm A/H5N1 hay không.Đây là 2 trường hợp nghi nhiễm cúm gia cầm H5N1 sau 4 năm Việt Nam không phát hiện bệnh dịch nguy hiểm này trên người. Tại Việt Nam, bệnh cúm gia cầm A/H5N1 lần đần đầu tiên được báo cáo xuất hiện trên gia cầm vào cuối năm 2003. Sau đó, Việt Nam là một trong những nước công bố dịch đầu tiên và bị thiệt hại nhiều nhất trên thế giới, với khoảng trên 45 triệu gia cầm bị tiêu hủy trong giai đoạn 2003 - 2006. Từ đó đến nay, trung bình mỗi năm phải tiêu hủy hàng trăm ngàn con gia cầm. Đồng thời, từ năm 2004-2014, Việt Nam đã ghi nhận 127 người mắc bệnh, trong đó có 64 (50,4%) người chết vì mắc bệnh cúm A/H5N1.Bệnh cúm gia cầm là bệnh truyền nhiễm nguy hiểm có khả năng truyền lây giữa động vật và người; bệnh đã xuất hiện và gây thành dịch trầm trọng ở gia cầm tại Việt Nam và nhiều nước trên thế giới; làm nhiều người bị nhiễm, chết và có nguy cơ trở thành đại dịch ở người. Từ năm 2014 đến nay, Việt Nam đã cơ bản kiểm soát được dịch bệnh cúm gia cầm ở động vật; không có ca bệnh cúm gia cầm trên người.Để chủ động ngăn ngừa sự lây truyền của virus cúm gia cầm sang người trong dịp Tết Nguyên đán và mùa lễ hội 2019, Cục Y tế dự phòng, Bộ Y tế khuyến cáo người dân thực hiện tốt các nội dung sau:1. Không ăn tiết canh, không ăn gia cầm, các sản phẩm từ gia cầm ốm, chết và không rõ nguồn gốc; bảo đảm ăn chín, uống chín; rửa tay bằng xà phòng trước khi ăn.2. Không giết mổ, vận chuyển, mua bán gia cầm và sản phẩm từ gia cầm không rõ nguồn gốc.3. Bảo đảm vệ sinh chuồng trại, tiêm phòng cho gia cầm theo hướng dẫn của cơ quan thú y.4. Khi phát hiện gia cầm ốm, chết, tuyệt đối không được giết mổ và sử dụng mà phải thông báo ngay cho chính quyền địa phương và đơn vị thú y trên địa bàn.5. Khi có biểu hiện cúm như sốt, ho, đau ngực, khó thở và có tiền sử tiếp xúc với gia cầm phải đến ngay cơ sở y tế để được tư vấn, khám và điều trị kịp thời.
"
Xuất hiện ổ dịch cúm gia cầm H5N6 đầu tiên ở Kon Tum,https://kenh14.vn/xa-hoi/xuat-hien-o-dich-cum-gia-cam-h5n6-dau-tien-o-kon-tum-20160111075950367.chn,2016-01-11,"

Trước đó, ngày 6/1/2016, đàn gia cầm 550 con gà và 440 con ngan của gia đình ông Hoàng Trung Đoàn ở thôn 4, xã Đắk Kan (Ngọc Hồi) có hiện tượng ủ rũ , sau đó đồng loạt lăn ra chết.Ông Đoàn báo Trạm thú y huyện lấy mẫu gửi cơ quan Thú y vùng V (tại TP.Buôn Ma Thuột) để xét nghiệm. Kết quả ngày 9/1 cho thấy đàn gia cầm dương tính với vi rút cúm A/H5N6.Trung tâm Y tế huyện Ngọc Hồi lập tức phối hợp với Trạm Thú y huyện, Phòng Nông nghiệp huyện và chính quyền xã Đắk Kan tổ chức tiêu hủy số gia cầm mắc bệnh, phun hóa chất khử trùng tiêu độc chuồng trại, tuyên truyền để người dân trong vùng có biện pháp phòng ngừa cho đàn gia cầm của mình.
"
Cảnh báo: Cúm gia cầm H5N6 cực độc đe dọa ở Việt Nam,https://kenh14.vn/xa-hoi/canh-bao-cum-gia-cam-h5n6-cuc-doc-de-doa-o-viet-nam-201408180732324.chn,2014-08-18,"

Danh mục virus cúm gia cầm nguy hiểm lại được mở rộng khi mới đây, Việt Nam phát hiện virus cúm A/H5N6 trên gà, vịt ở Lạng Sơn và Hà Tĩnh. Chủng virus này tương đồng với chủng gây tử vong ở người tại Trung Quốc vào tháng 4-2014.Mở rộng giám sátBộ Y tế cho biết ca nhiễm cúm A/H5N6 làm một bệnh nhân 49 tuổi ở tỉnh Tứ Xuyên - Trung Quốc tử vong được phát hiện vào tháng 4-2014. Đây cũng là bệnh nhân đầu tiên và duy nhất trên thế giới nhiễm cúm A/H5N6 được ghi nhận tới nay.Theo PGS-TS Trần Đắc Phu, Cục trưởng Cục Y tế dự phòng Bộ Y tế, Việt Nam hiện chưa ghi nhận ca nhiễm cúm A/H5N6 trên người. Tuy nhiên, theo thông báo của Cục Thú y - Bộ Nông nghiệp và Phát triển nông thôn, kết quả giám sát chủ động mới nhất đã phát hiện một số trường hợp dương tính với cúm A/H5N6 trên đàn gà nuôi tại huyện Tràng Định, tỉnh Lạng Sơn và trên đàn vịt nuôi tại huyện Kỳ Anh, tỉnh Hà Tĩnh. Đây là lần đầu tiên virus cúm A/H5N6 được ghi nhận tại Việt Nam.Trước đó, chủng virus này từng được phát hiện ở vịt trời và chim hoang dã tại Thụy Điển, Đức, Mỹ, Đài Loan. Đáng lo ngại là kết quả xét nghiệm bằng giải trình tự gien của các mẫu virus cúm A/H5N6 phát hiện ở Việt Nam cho thấy có sự tương đồng đến 99% với chủng virus cúm A/H5N6 gây tử vong đầu tiên trên người tại Tứ Xuyên.“Theo Tổ chức Thú y Thế giới, đây là chủng virus có độc lực cao, dù chưa có bằng chứng lây truyền từ người sang người nhưng việc phát hiện nó trên gia cầm cũng làm tăng nguy cơ lây lan virus cúm gia cầm cho người” - TS Phu nhận định.Ông Đàm Xuân Thành, Phó Cục trưởng Cục Thú y, cho biết các cơ quan chức năng đã tiến hành tiêu hủy toàn bộ số gia cầm nhiễm cúm A/H5N6 để đề phòng virus có thể phát tán ra môi trường và đàn gia cầm khác; đồng thời tăng cường lấy mẫu gia cầm ở Hà Tĩnh và Lạng Sơn để xét nghiệm. Theo ông Thành, công tác giám sát các đàn chim hoang và vịt trời cũng đang được thực hiện. Điều tra dịch tễ ban đầu cho thấy đàn chim hoang và vịt trời đã xuất hiện ở khu vực này trước khi dịch bệnh xảy ra.Nguy hiểm tương đương H5N1GS-TS Trịnh Quân Huấn, chuyên gia cao cấp của Bộ Y tế, cho rằng sự xuất hiện virus cúm A/H5N6 trên gia cầm ở nước ta đang nối dài danh sách những chủng virus cúm gây bệnh cho người. Trong khi đó, việc nhận diện và phân biệt các chủng virus cúm hiện nay đều phải dựa vào xét nghiệm. Hầu hết các chủng virus cúm khi gây bệnh cho người đều có những biểu hiện lâm sàng giống nhau như sốt, ho, mệt mỏi, nên không loại trừ việc người dân có thể chủ quan trước các dấu hiệu của bệnh.“Mức độ nguy hiểm của cúm A/H5N6 được đánh giá tương đương A/H5N1. Sự trở lại của cúm A/H5N1, việc tồn tại của cúm A/H1N1, nguy cơ cúm A/H7N9 xâm nhập và sự xuất hiện của chủng cúm mới A/H5N6 là thực sự đáng lo ngại vì những biến đổi khó lường của virus cúm. Chúng đặc biệt nguy hiểm bởi cơ thể người chưa có kháng thể chống lại những virus mới, trong khi đặc tính của virus cúm là luôn biến đổi để thích nghi” - GS Huấn lo ngại.Giết mổ gia cầm không rõ nguồn gốc có nguy cơ lây nhiễm cúm gia cầmTheo GS-TS Trịnh Quân Huấn, đáng lo ngại hơn nữa là tình trạng gia cầm, thủy cầm mang mầm bệnh mà không có biểu hiện bệnh nhưng vẫn là nguồn lây cho người. Điều này khiến cho việc kiểm soát bệnh gặp nhiều khó khăn.Giới chuyên môn cho rằng việc phân biệt các chủng virus cúm ban đầu rất khó nên đối với các đơn vị y tế, nếu nghi ngờ cúm thì nên sử dụng Tamiflu. GS Trịnh Quân Huấn nhấn mạnh cũng giống cúm A/H5N1, bệnh do virus cúm A/H5N6 có diễn biến nhanh; nếu được phát hiện sớm, điều trị kịp thời thì có thể cứu sống bệnh nhân. Do vậy, cần đặc biệt lưu ý khi ở những vùng có gia cầm chết lại xuất hiện những người có biểu hiện ho, sốt cao, đau đầu, nhức mỏi…Các chuyên gia dịch tễ cũng lưu ý với chủng virus cúm A/H7N9 gây dịch tại Trung Quốc và các nước Đông Nam Á khiến hàng trăm người mắc và tử vong, dù Việt Nam chưa ghi nhận ca mắc nhưng nguy cơ cũng rất lớn, nhất là khi Việt Nam đã phát hiện virus cúm A/H5N6 trên gia cầm giống với chủng virus ở Trung Quốc. Rất có thể virus cúm A/H5N6 xâm nhập theo các đoàn xe chở gia cầm lậu.Trong khi đó, với cúm A/H5N1, dù nhiều tháng nay không ghi nhận trên người nhưng thời gian qua vẫn tiếp tục xuất hiện các ổ dịch trên gia cầm. Đồng thời, dịch cúm đã có hiện tượng liên tục biến đổi gien, xuất hiện các chủng cúm mới.Kiểm soát buôn bán gia cầm qua biên giớiTheo các chuyên gia dịch tễ, vấn đề quan trọng nhất để ngăn ngừa cúm A/H5N6 cũng như các chủng virus cúm khác trong thời điểm này là phải kiểm soát thật tốt tình trạng buôn bán, vận chuyển gia cầm nhập lậu. Bộ Y tế đã khuyến cáo các biện pháp phòng lây nhiễm cúm gia cầm là không buôn bán, vận chuyển, giết mổ, sử dụng gia cầm chưa được kiểm dịch; che miệng, mũi khi ho, hắt xì hơi; sử dụng đồ phòng hộ, rửa tay bằng xà phòng khi tiếp xúc gia cầm; tránh tiếp xúc gần với người mắc bệnh hô hấp cấp...
"
5 thói quen giúp giã từ bệnh cảm cúm mùa đông ,https://kenh14.vn/suc-khoe-gioi-tinh/5-thoi-quen-giup-gia-tu-benh-cam-cum-mua-dong-20091210020328394.chn,2009-12-11,"

Nguyên nhân bạn dễ bị cảm cúm vào mùa đông?Mùa đông nhiệt độ hạ xuống thấp hơn nhiều so với mùa hè, trời trở nên hanh khô và lạnh lẽo. Vì thế các chất lỏng sẽ bám lại nhiều trên quần áo, đồ dùng, da dẻ của bạn nhiều hơn. Đây là môi trường thuận lợi cho lũ vi khuẩn hoành hành mà không dễ bị tiêu diệt như mùa hè. Sau đó, các vi khuẩn này sẽ dễ dàng xâm nhập vào hệ hô hấp gây hại cho các tế bào. Vì thế, bạn sẽ trở nên dễ dàng bị cảm cúm hơn đấy.
5 thói quen giúp giã từ với cảm cúm mùa đông1. Súc miệng bằng nước muốiBạn biết không, nếu nước muối pha quá mặn sẽ dễ gây lở loét nhưng nếu nước muối được pha với nồng độ thích hợp sẽ có tác dụng sát trùng rất tốt cho sức khỏe. Vì thế, hãy chăm chỉ vệ sinh răng miệng mỗi ngày bằng cách súc miệng bằng nước muối ấm loãng nhé. Điều này sẽ giúp loại bỏ vi khuẩn, làm sạch khoang miệng, amidan, họng. Ngoài ra, nước muối còn kích thích tăng tuần hoàn máu tại chỗ, tập trung nhiều tế bào bạch cầu làm tăng khả năng tiêu diệt vi khuẩn.
2. Rửa tay bằng xà phòngChỉ một hành động ""cỏn con"" nhưng bạn chớ coi thường việc rửa tay bằng xà phòng. đặc biệt rửa tay trước khi ăn và sau khi đi vệ sinh nhé. Bởi vì biện pháp này sẽ giúp bạn tránh được các căn bệnh truyền nhiễm như cảm cúm hay cảm lạnh, phòng ngừa hữu hiệu bệnh tiêu chảy và viêm đường hô hấp cấp. Ngoài ra, rửa tay thường xuyên không chỉ giúp bảo vệ bản thân mà còn ngăn chặn các dịch bệnh nguy hiểm hay bùng phát vào những tháng giao mùa ẩm thấp. 
3. Bổ sung rau quả giàu vitamin và khoáng chất Để phòng chống những vi rút cúm và tăng cường hệ miễn dịch cho cơ thể, mỗi ngày bạn hãy ăn bưởi hoặc nước ép bưởi sẽ giúp bạn có thêm sức đề kháng. Các loại rau quả giàu vitamin C cũng nên được tăng cường.Tuyệt đối bạn đừng quên uống 1 cốc sữa chua/ ngày để giúp dạ dày khỏe mạnh hơn, từ đó tránh được cảm cúm nhé. Bạn cũng măm thêm nhiều gia vị như hành, tỏi, gừng.... kết hợp cùng chế độ ăn uống hàng ngày lành mạnh để duy trì hệ miễn dịch khỏe mạnh.
4. Chăm chỉ tập luyện thể dục thể thaoNếu nhân nào vẫn đang lười biếng trong việc lên kế hoạch tập luyện thể dục thể thao mỗi ngày thì cần phải suy nghĩ lại nhé. Ngoài những lợi ích vô đối khác, thể dục thể thao có thể giúp tăng cường hệ miễn dịch khỏe mạnh nhất cho bạn nếu như bạn tập thể dục 5 ngày/tuần và mỗi ngày khoảng 30-40 phút.Vì thế, hãy lựa chọn bộ môn thể dục thể thao phù hợp với sức khỏe và vóc dáng của bạn.5. Đeo khẩu trangĐể hạn chế da mặt, mũi, miệng tiếp xúc với vi rút cúm gây ho hắng, hắt hơi, sổ mũi....bạn nên xây dựng thói quen đeo khẩu trang mỗi khi đi ra ngoài.Hiệu quả của khẩu trang đối với việc bảo vệ sức khỏe thể hiện ở việc sẽ giảm bớt những tiếp xúc với vi rút gây bệnh cho bạn, nhất là những vi rút lây lan qua đường hô hấp.
Thay vì các loại khẩu trang thường, bạn nên đeo những loại khẩu trang chuyên dụng, đồng thời chăm chỉ giặt giũ và vệ sinh thân thể sạch sẽ nhé.
"
